date,stargazers,commits,contributors,traffic_views,traffic_uniques,clones_count,clones_uniques
2024-09-02,1,9,1,238,2,17,2
2024-09-03,1,9,1,230,2,16,9
2024-09-04,1,9,1,27,1,0,0
2024-09-05,1,9,1,27,1,0,0
2024-09-06,1,9,1,27,1,1,1
2024-09-07,1,9,1,7,1,0,0
2024-09-08,1,9,1,4,1,0,0
2024-09-09,1,9,1,25,2,1,1
2024-09-10,1,9,1,1,1,1,1
2024-09-11,1,9,1,15,6,0,0
2024-09-12,1,9,1,2,1,0,0
2024-09-13,1,9,1,1,1,2,1
2024-09-14,1,9,1,0,0,0,0
2024-09-15,1,9,1,16,2,0,0
2024-09-16,1,9,1,16,1,1,1
2024-09-17,1,9,1,9,1,0,0
2024-09-18,1,9,1,1,1,3,2
2024-09-19,1,9,1,0,0,0,0
2024-09-20,1,9,1,9,1,0,0
2024-09-21,1,9,1,3,1,0,0
2024-09-22,1,9,1,1,1,1,1
2024-09-23,1,9,1,0,0,0,0
2024-09-24,1,9,1,0,0,0,0
2024-09-25,1,9,1,0,0,0,0
2024-09-26,1,9,1,0,0,0,0
2024-09-27,1,9,1,1,1,0,0